<?xml version="1.0" encoding="UTF-8"?>
<project-private xmlns="http://www.netbeans.org/ns/project-private/1">
    <data xmlns="http://www.netbeans.org/ns/make-project-private/1">
        <activeConfTypeElem>1</activeConfTypeElem>
        <activeConfIndexElem>0</activeConfIndexElem>
    </data>
    <editor-bookmarks xmlns="http://www.netbeans.org/ns/editor-bookmarks/2" lastBookmarkId="0"/>
    <open-files xmlns="http://www.netbeans.org/ns/projectui-open-files/2">
        <group>
            <file>file:/D:/Descargas/Programacion%202/Examen%20Final/EX2%202022-1/EXAMEN_FINAL_2022_1/STL_Polimorfico_Pregunta02/Categoria2.cpp</file>
            <file>file:/D:/Descargas/Programacion%202/Examen%20Final/EX2%202022-1/EXAMEN_FINAL_2022_1/STL_Polimorfico_Pregunta02/NProductos.h</file>
            <file>file:/D:/Descargas/Programacion%202/Examen%20Final/EX2%202022-1/EXAMEN_FINAL_2022_1/STL_Polimorfico_Pregunta02/NProductos.cpp</file>
            <file>file:/D:/Descargas/Programacion%202/Examen%20Final/EX2%202022-1/EXAMEN_FINAL_2022_1/STL_Polimorfico_Pregunta02/Programa.cpp</file>
            <file>file:/D:/Descargas/Programacion%202/Examen%20Final/EX2%202022-1/EXAMEN_FINAL_2022_1/STL_Polimorfico_Pregunta02/Producto.cpp</file>
            <file>file:/D:/Descargas/Programacion%202/Examen%20Final/EX2%202022-1/EXAMEN_FINAL_2022_1/STL_Polimorfico_Pregunta02/Categoria2.h</file>
            <file>file:/D:/Descargas/Programacion%202/Examen%20Final/EX2%202022-1/EXAMEN_FINAL_2022_1/STL_Polimorfico_Pregunta02/Nodo.cpp</file>
            <file>file:/D:/Descargas/Programacion%202/Examen%20Final/EX2%202022-1/EXAMEN_FINAL_2022_1/STL_Polimorfico_Pregunta02/Categoria3.h</file>
            <file>file:/D:/Descargas/Programacion%202/Examen%20Final/EX2%202022-1/EXAMEN_FINAL_2022_1/STL_Polimorfico_Pregunta02/Categoria1.h</file>
            <file>file:/D:/Descargas/Programacion%202/Examen%20Final/EX2%202022-1/EXAMEN_FINAL_2022_1/STL_Polimorfico_Pregunta02/Categoria1.cpp</file>
            <file>file:/D:/Descargas/Programacion%202/Examen%20Final/EX2%202022-1/EXAMEN_FINAL_2022_1/STL_Polimorfico_Pregunta02/Producto.h</file>
            <file>file:/D:/Descargas/Programacion%202/Examen%20Final/EX2%202022-1/EXAMEN_FINAL_2022_1/STL_Polimorfico_Pregunta02/Pedido.cpp</file>
            <file>file:/D:/Descargas/Programacion%202/Examen%20Final/EX2%202022-1/EXAMEN_FINAL_2022_1/STL_Polimorfico_Pregunta02/Categoria3.cpp</file>
            <file>file:/D:/Descargas/Programacion%202/Examen%20Final/EX2%202022-1/EXAMEN_FINAL_2022_1/STL_Polimorfico_Pregunta02/main.cpp</file>
            <file>file:/D:/Descargas/Programacion%202/Examen%20Final/EX2%202022-1/EXAMEN_FINAL_2022_1/STL_Polimorfico_Pregunta02/Nodo.h</file>
            <file>file:/D:/Descargas/Programacion%202/Examen%20Final/EX2%202022-1/EXAMEN_FINAL_2022_1/STL_Polimorfico_Pregunta02/Pedido.h</file>
            <file>file:/D:/Descargas/Programacion%202/Examen%20Final/EX2%202022-1/EXAMEN_FINAL_2022_1/STL_Polimorfico_Pregunta02/Lista.cpp</file>
            <file>file:/D:/Descargas/Programacion%202/Examen%20Final/EX2%202022-1/EXAMEN_FINAL_2022_1/STL_Polimorfico_Pregunta02/Programa.h</file>
            <file>file:/D:/Descargas/Programacion%202/Examen%20Final/EX2%202022-1/EXAMEN_FINAL_2022_1/STL_Polimorfico_Pregunta02/Lista.h</file>
        </group>
    </open-files>
</project-private>
