<?xml version="1.0" encoding="UTF-8"?>
<project-private xmlns="http://www.netbeans.org/ns/project-private/1">
    <data xmlns="http://www.netbeans.org/ns/make-project-private/1">
        <activeConfTypeElem>1</activeConfTypeElem>
        <activeConfIndexElem>0</activeConfIndexElem>
    </data>
    <editor-bookmarks xmlns="http://www.netbeans.org/ns/editor-bookmarks/2" lastBookmarkId="0"/>
    <open-files xmlns="http://www.netbeans.org/ns/projectui-open-files/2">
        <group>
            <file>file:/D:/Descargas/Programacion%202/Examen%20Final/EX2%202023-2/20221309_Gamboa_Ramiro_EX_FINAL_2023_2/ExamenFinal_PREG02/Pedido.cpp</file>
            <file>file:/D:/Descargas/Programacion%202/Examen%20Final/EX2%202023-2/20221309_Gamboa_Ramiro_EX_FINAL_2023_2/ExamenFinal_PREG02/Camion.cpp</file>
            <file>file:/D:/Descargas/Programacion%202/Examen%20Final/EX2%202023-2/20221309_Gamboa_Ramiro_EX_FINAL_2023_2/ExamenFinal_PREG02/main.cpp</file>
            <file>file:/D:/Descargas/Programacion%202/Examen%20Final/EX2%202023-2/20221309_Gamboa_Ramiro_EX_FINAL_2023_2/ExamenFinal_PREG02/Vehiculo.h</file>
            <file>file:/D:/Descargas/Programacion%202/Examen%20Final/EX2%202023-2/20221309_Gamboa_Ramiro_EX_FINAL_2023_2/ExamenFinal_PREG02/Pedido.h</file>
            <file>file:/D:/Descargas/Programacion%202/Examen%20Final/EX2%202023-2/20221309_Gamboa_Ramiro_EX_FINAL_2023_2/ExamenFinal_PREG02/Flota.h</file>
            <file>file:/D:/Descargas/Programacion%202/Examen%20Final/EX2%202023-2/20221309_Gamboa_Ramiro_EX_FINAL_2023_2/ExamenFinal_PREG02/Furgon.h</file>
            <file>file:/D:/Descargas/Programacion%202/Examen%20Final/EX2%202023-2/20221309_Gamboa_Ramiro_EX_FINAL_2023_2/ExamenFinal_PREG02/Camion.h</file>
            <file>file:/D:/Descargas/Programacion%202/Examen%20Final/EX2%202023-2/20221309_Gamboa_Ramiro_EX_FINAL_2023_2/ExamenFinal_PREG02/Vehiculo.cpp</file>
            <file>file:/D:/Descargas/Programacion%202/Examen%20Final/EX2%202023-2/20221309_Gamboa_Ramiro_EX_FINAL_2023_2/ExamenFinal_PREG02/Furgon.cpp</file>
            <file>file:/D:/Descargas/Programacion%202/Examen%20Final/EX2%202023-2/20221309_Gamboa_Ramiro_EX_FINAL_2023_2/ExamenFinal_PREG02/Flota.cpp</file>
        </group>
    </open-files>
</project-private>
