<?xml version="1.0" encoding="UTF-8"?>
<project-private xmlns="http://www.netbeans.org/ns/project-private/1">
    <data xmlns="http://www.netbeans.org/ns/make-project-private/1">
        <activeConfTypeElem>1</activeConfTypeElem>
        <activeConfIndexElem>0</activeConfIndexElem>
    </data>
    <editor-bookmarks xmlns="http://www.netbeans.org/ns/editor-bookmarks/2" lastBookmarkId="0"/>
    <open-files xmlns="http://www.netbeans.org/ns/projectui-open-files/2">
        <group>
            <file>file:/D:/Descargas/Programación%202/Lab%201/Lab%201%202023-2/20221309_Gamboa_Ramiro_Lab01_2023_2/UsarBiblioteca_Parte2/BibEstaticaEnUnaAplicacion/FuncionesAuxiliares.cpp</file>
            <file>file:/D:/Descargas/Programación%202/Lab%201/Lab%201%202023-2/20221309_Gamboa_Ramiro_Lab01_2023_2/UsarBiblioteca_Parte2/BibEstaticaEnUnaAplicacion/main.cpp</file>
            <file>file:/D:/Descargas/Programación%202/Lab%201/Lab%201%202023-2/20221309_Gamboa_Ramiro_Lab01_2023_2/UsarBiblioteca_Parte2/BibEstaticaEnUnaAplicacion/OperadoresSobrecargados.h</file>
            <file>file:/D:/Descargas/Programación%202/Lab%201/Lab%201%202023-2/20221309_Gamboa_Ramiro_Lab01_2023_2/UsarBiblioteca_Parte2/BibEstaticaEnUnaAplicacion/FuncionesAuxiliares.h</file>
        </group>
    </open-files>
</project-private>
