<?xml version="1.0" encoding="UTF-8"?>
<project-private xmlns="http://www.netbeans.org/ns/project-private/1">
    <data xmlns="http://www.netbeans.org/ns/make-project-private/1">
        <activeConfTypeElem>1</activeConfTypeElem>
        <activeConfIndexElem>0</activeConfIndexElem>
    </data>
    <editor-bookmarks xmlns="http://www.netbeans.org/ns/editor-bookmarks/2" lastBookmarkId="0"/>
    <open-files xmlns="http://www.netbeans.org/ns/projectui-open-files/2">
        <group>
            <file>file:/G:/Mi%20unidad/GitHubRepositorio/1INF25/2024-2/cap02.a%20-%20arreglos/memoria_dinamica/ConjuntoNumeros.hpp</file>
            <file>file:/G:/Mi%20unidad/GitHubRepositorio/1INF25/2024-2/cap02.a%20-%20arreglos/memoria_dinamica/ConjuntoNombres.hpp</file>
            <file>file:/G:/Mi%20unidad/GitHubRepositorio/1INF25/2024-2/cap02.a%20-%20arreglos/memoria_dinamica/ConjuntoNombres.cpp</file>
            <file>file:/G:/Mi%20unidad/GitHubRepositorio/1INF25/2024-2/cap02.a%20-%20arreglos/memoria_dinamica/ConjuntoNumeros.cpp</file>
            <file>file:/G:/Mi%20unidad/GitHubRepositorio/1INF25/2024-2/cap02.a%20-%20arreglos/memoria_dinamica/main.cpp</file>
        </group>
    </open-files>
</project-private>
