<?xml version="1.0" encoding="UTF-8"?>
<project-private xmlns="http://www.netbeans.org/ns/project-private/1">
    <data xmlns="http://www.netbeans.org/ns/make-project-private/1">
        <activeConfTypeElem>1</activeConfTypeElem>
        <activeConfIndexElem>0</activeConfIndexElem>
    </data>
    <editor-bookmarks xmlns="http://www.netbeans.org/ns/editor-bookmarks/2" lastBookmarkId="0"/>
    <open-files xmlns="http://www.netbeans.org/ns/projectui-open-files/2">
        <group>
            <file>file:/D:/Descargas/Programacion%202/Lab%202/Lab%204%202022-2/20221309_Gamboa_Ramiro_Lab04_2022_2/MetodoExacto-2022-2/MetodoDinamicoExacto.h</file>
            <file>file:/D:/Descargas/Programacion%202/Lab%202/Lab%204%202022-2/20221309_Gamboa_Ramiro_Lab04_2022_2/MetodoExacto-2022-2/main.cpp</file>
            <file>file:/D:/Descargas/Programacion%202/Lab%202/Lab%204%202022-2/20221309_Gamboa_Ramiro_Lab04_2022_2/MetodoExacto-2022-2/MetodoDinamicoExacto.cpp</file>
        </group>
    </open-files>
</project-private>
