<?xml version="1.0" encoding="UTF-8"?>
<project-private xmlns="http://www.netbeans.org/ns/project-private/1">
    <data xmlns="http://www.netbeans.org/ns/make-project-private/1">
        <activeConfTypeElem>1</activeConfTypeElem>
        <activeConfIndexElem>0</activeConfIndexElem>
    </data>
    <editor-bookmarks xmlns="http://www.netbeans.org/ns/editor-bookmarks/2" lastBookmarkId="0"/>
    <open-files xmlns="http://www.netbeans.org/ns/projectui-open-files/2">
        <group>
            <file>file:/D:/Descargas/Programacion%202/Examen%20Final/EX2%202023-1/SegundoIntento_EX_FINAL_2023_1/STL_Polimorfismo_Pregunta02/Registro.cpp</file>
            <file>file:/D:/Descargas/Programacion%202/Examen%20Final/EX2%202023-1/SegundoIntento_EX_FINAL_2023_1/STL_Polimorfismo_Pregunta02/Registro.h</file>
            <file>file:/D:/Descargas/Programacion%202/Examen%20Final/EX2%202023-1/SegundoIntento_EX_FINAL_2023_1/STL_Polimorfismo_Pregunta02/Tercera.h</file>
            <file>file:/D:/Descargas/Programacion%202/Examen%20Final/EX2%202023-1/SegundoIntento_EX_FINAL_2023_1/STL_Polimorfismo_Pregunta02/Segunda.cpp</file>
            <file>file:/D:/Descargas/Programacion%202/Examen%20Final/EX2%202023-1/SegundoIntento_EX_FINAL_2023_1/STL_Polimorfismo_Pregunta02/CursoAlumno.h</file>
            <file>file:/D:/Descargas/Programacion%202/Examen%20Final/EX2%202023-1/SegundoIntento_EX_FINAL_2023_1/STL_Polimorfismo_Pregunta02/Primera.cpp</file>
            <file>file:/D:/Descargas/Programacion%202/Examen%20Final/EX2%202023-1/SegundoIntento_EX_FINAL_2023_1/STL_Polimorfismo_Pregunta02/Nota.cpp</file>
            <file>file:/D:/Descargas/Programacion%202/Examen%20Final/EX2%202023-1/SegundoIntento_EX_FINAL_2023_1/STL_Polimorfismo_Pregunta02/Segunda.h</file>
            <file>file:/D:/Descargas/Programacion%202/Examen%20Final/EX2%202023-1/SegundoIntento_EX_FINAL_2023_1/STL_Polimorfismo_Pregunta02/Nota.h</file>
            <file>file:/D:/Descargas/Programacion%202/Examen%20Final/EX2%202023-1/SegundoIntento_EX_FINAL_2023_1/STL_Polimorfismo_Pregunta02/Primera.h</file>
            <file>file:/D:/Descargas/Programacion%202/Examen%20Final/EX2%202023-1/SegundoIntento_EX_FINAL_2023_1/STL_Polimorfismo_Pregunta02/main.cpp</file>
            <file>file:/D:/Descargas/Programacion%202/Examen%20Final/EX2%202023-1/SegundoIntento_EX_FINAL_2023_1/STL_Polimorfismo_Pregunta02/CursoAlumno.cpp</file>
            <file>file:/D:/Descargas/Programacion%202/Examen%20Final/EX2%202023-1/SegundoIntento_EX_FINAL_2023_1/STL_Polimorfismo_Pregunta02/Tercera.cpp</file>
        </group>
    </open-files>
</project-private>
