<?xml version="1.0" encoding="UTF-8"?>
<project-private xmlns="http://www.netbeans.org/ns/project-private/1">
    <data xmlns="http://www.netbeans.org/ns/make-project-private/1">
        <activeConfTypeElem>1</activeConfTypeElem>
        <activeConfIndexElem>0</activeConfIndexElem>
    </data>
    <editor-bookmarks xmlns="http://www.netbeans.org/ns/editor-bookmarks/2" lastBookmarkId="0"/>
    <open-files xmlns="http://www.netbeans.org/ns/projectui-open-files/2">
        <group>
            <file>file:/D:/Descargas/Programacion%202/Examen%20Final/EX2%202022-1/EXAMEN_FINAL_2022_1/Pregunta01_Producto_Clientes/Producto.h</file>
            <file>file:/D:/Descargas/Programacion%202/Examen%20Final/EX2%202022-1/EXAMEN_FINAL_2022_1/Pregunta01_Producto_Clientes/RegCliente.h</file>
            <file>file:/D:/Descargas/Programacion%202/Examen%20Final/EX2%202022-1/EXAMEN_FINAL_2022_1/Pregunta01_Producto_Clientes/Pedido.h</file>
            <file>file:/D:/Descargas/Programacion%202/Examen%20Final/EX2%202022-1/EXAMEN_FINAL_2022_1/Pregunta01_Producto_Clientes/Empresa.h</file>
            <file>file:/D:/Descargas/Programacion%202/Examen%20Final/EX2%202022-1/EXAMEN_FINAL_2022_1/Pregunta01_Producto_Clientes/Cliente.h</file>
        </group>
    </open-files>
</project-private>
