<?xml version="1.0" encoding="UTF-8"?>
<project-private xmlns="http://www.netbeans.org/ns/project-private/1">
    <data xmlns="http://www.netbeans.org/ns/make-project-private/1">
        <activeConfTypeElem>1</activeConfTypeElem>
        <activeConfIndexElem>0</activeConfIndexElem>
    </data>
    <editor-bookmarks xmlns="http://www.netbeans.org/ns/editor-bookmarks/2" lastBookmarkId="0"/>
    <open-files xmlns="http://www.netbeans.org/ns/projectui-open-files/2">
        <group>
            <file>file:/D:/Descargas/PutoElQueLoLea/Lab%201/Lab%201%202024-2/Trabajo%20(Carpeta%20T)/Lab01_2024_2_20226608_Zavala_Juan/CrearBiblioteca_Parte1/Prueba_Biblioteca_Compilada_2024_2/main.cpp</file>
        </group>
    </open-files>
</project-private>
