<?xml version="1.0" encoding="UTF-8"?>
<project-private xmlns="http://www.netbeans.org/ns/project-private/1">
    <data xmlns="http://www.netbeans.org/ns/make-project-private/1">
        <activeConfTypeElem>1</activeConfTypeElem>
        <activeConfIndexElem>0</activeConfIndexElem>
    </data>
    <editor-bookmarks xmlns="http://www.netbeans.org/ns/editor-bookmarks/2" lastBookmarkId="0"/>
    <open-files xmlns="http://www.netbeans.org/ns/projectui-open-files/2">
        <group>
            <file>file:/D:/Descargas/Programacion%202/Examen%20Final/EX2%202023-1/SegundoIntento_EX_FINAL_2023_1/Pregunta01_Parte01_Alumnos_Nota/Nodo.cpp</file>
            <file>file:/D:/Descargas/Programacion%202/Examen%20Final/EX2%202023-1/SegundoIntento_EX_FINAL_2023_1/Pregunta01_Parte01_Alumnos_Nota/Nota.h</file>
            <file>file:/D:/Descargas/Programacion%202/Examen%20Final/EX2%202023-1/SegundoIntento_EX_FINAL_2023_1/Pregunta01_Parte01_Alumnos_Nota/Nota.cpp</file>
            <file>file:/D:/Descargas/Programacion%202/Examen%20Final/EX2%202023-1/SegundoIntento_EX_FINAL_2023_1/Pregunta01_Parte01_Alumnos_Nota/Facultad.cpp</file>
            <file>file:/D:/Descargas/Programacion%202/Examen%20Final/EX2%202023-1/SegundoIntento_EX_FINAL_2023_1/Pregunta01_Parte01_Alumnos_Nota/main.cpp</file>
            <file>file:/D:/Descargas/Programacion%202/Examen%20Final/EX2%202023-1/SegundoIntento_EX_FINAL_2023_1/Pregunta01_Parte01_Alumnos_Nota/Alumno.h</file>
            <file>file:/D:/Descargas/Programacion%202/Examen%20Final/EX2%202023-1/SegundoIntento_EX_FINAL_2023_1/Pregunta01_Parte01_Alumnos_Nota/AlumnoNotas.h</file>
            <file>file:/D:/Descargas/Programacion%202/Examen%20Final/EX2%202023-1/SegundoIntento_EX_FINAL_2023_1/Pregunta01_Parte01_Alumnos_Nota/Nodo.h</file>
            <file>file:/D:/Descargas/Programacion%202/Examen%20Final/EX2%202023-1/SegundoIntento_EX_FINAL_2023_1/Pregunta01_Parte01_Alumnos_Nota/AlumnoNotas.cpp</file>
            <file>file:/D:/Descargas/Programacion%202/Examen%20Final/EX2%202023-1/SegundoIntento_EX_FINAL_2023_1/Pregunta01_Parte01_Alumnos_Nota/ListaDoble.h</file>
            <file>file:/D:/Descargas/Programacion%202/Examen%20Final/EX2%202023-1/SegundoIntento_EX_FINAL_2023_1/Pregunta01_Parte01_Alumnos_Nota/ListaDoble.cpp</file>
            <file>file:/D:/Descargas/Programacion%202/Examen%20Final/EX2%202023-1/SegundoIntento_EX_FINAL_2023_1/Pregunta01_Parte01_Alumnos_Nota/Alumno.cpp</file>
            <file>file:/D:/Descargas/Programacion%202/Examen%20Final/EX2%202023-1/SegundoIntento_EX_FINAL_2023_1/Pregunta01_Parte01_Alumnos_Nota/Facultad.h</file>
        </group>
    </open-files>
</project-private>
