<?xml version="1.0" encoding="UTF-8"?>
<project-private xmlns="http://www.netbeans.org/ns/project-private/1">
    <data xmlns="http://www.netbeans.org/ns/make-project-private/1">
        <activeConfTypeElem>1</activeConfTypeElem>
        <activeConfIndexElem>0</activeConfIndexElem>
    </data>
    <open-files xmlns="http://www.netbeans.org/ns/projectui-open-files/2">
        <group>
            <file>file:/D:/Descargas/Programacion%202/Examen%20Final/EX2%202023-1/Proyecto_EX2_2023_1/STL_Polimorfismo_Pregunta02/Registro.cpp</file>
            <file>file:/D:/Descargas/Programacion%202/Examen%20Final/EX2%202023-1/Proyecto_EX2_2023_1/STL_Polimorfismo_Pregunta02/CursoAlumno.cpp</file>
        </group>
    </open-files>
</project-private>
