<?xml version="1.0" encoding="UTF-8"?>
<configurationDescriptor version="100">
  <logicalFolder name="root" displayName="root" projectFiles="true" kind="ROOT">
    <logicalFolder name="HeaderFiles"
                   displayName="Header Files"
                   projectFiles="true">
      <itemPath>/Users/andres/Library/CloudStorage/GoogleDrive-amelgar@gmail.com/Mi unidad/GitHubRepositorio/1INF25-melgar/cap02.c - punteros_genericos/2024_1_Lab04_MuestraPunterosGenericos_MAC/AperturaDeArchivos.h</itemPath>
      <itemPath>/Users/andres/Library/CloudStorage/GoogleDrive-amelgar@gmail.com/Mi unidad/GitHubRepositorio/1INF25-melgar/cap02.c - punteros_genericos/2024_1_Lab04_MuestraPunterosGenericos_MAC/MuestraPunteroGenerico.h</itemPath>
    </logicalFolder>
    <logicalFolder name="ResourceFiles"
                   displayName="Resource Files"
                   projectFiles="true">
    </logicalFolder>
    <logicalFolder name="SourceFiles"
                   displayName="Source Files"
                   projectFiles="true">
      <itemPath>/Users/andres/Library/CloudStorage/GoogleDrive-amelgar@gmail.com/Mi unidad/GitHubRepositorio/1INF25-melgar/cap02.c - punteros_genericos/2024_1_Lab04_MuestraPunterosGenericos_MAC/MuestraPunteroGenerico.cpp</itemPath>
    </logicalFolder>
    <logicalFolder name="TestFiles"
                   displayName="Test Files"
                   projectFiles="false"
                   kind="TEST_LOGICAL_FOLDER">
    </logicalFolder>
    <logicalFolder name="ExternalFiles"
                   displayName="Important Files"
                   projectFiles="false"
                   kind="IMPORTANT_FILES_FOLDER">
      <itemPath>Makefile</itemPath>
    </logicalFolder>
  </logicalFolder>
  <sourceRootList>
    <Elem>/Users/andres/Library/CloudStorage/GoogleDrive-amelgar@gmail.com/Mi unidad/GitHubRepositorio/1INF25-melgar/cap02.c - punteros_genericos/2024_1_Lab04_MuestraPunterosGenericos_MAC</Elem>
  </sourceRootList>
  <projectmakefile>Makefile</projectmakefile>
  <confs>
    <conf name="Debug" type="3">
      <toolsSet>
        <compilerSet>default</compilerSet>
        <dependencyChecking>true</dependencyChecking>
        <rebuildPropChanged>false</rebuildPropChanged>
      </toolsSet>
      <compileType>
        <archiverTool>
        </archiverTool>
      </compileType>
      <item path="/Users/andres/Library/CloudStorage/GoogleDrive-amelgar@gmail.com/Mi unidad/GitHubRepositorio/1INF25-melgar/cap02.c - punteros_genericos/2024_1_Lab04_MuestraPunterosGenericos_MAC/AperturaDeArchivos.h"
            ex="false"
            tool="3"
            flavor2="0">
      </item>
      <item path="/Users/andres/Library/CloudStorage/GoogleDrive-amelgar@gmail.com/Mi unidad/GitHubRepositorio/1INF25-melgar/cap02.c - punteros_genericos/2024_1_Lab04_MuestraPunterosGenericos_MAC/MuestraPunteroGenerico.cpp"
            ex="false"
            tool="1"
            flavor2="0">
      </item>
      <item path="/Users/andres/Library/CloudStorage/GoogleDrive-amelgar@gmail.com/Mi unidad/GitHubRepositorio/1INF25-melgar/cap02.c - punteros_genericos/2024_1_Lab04_MuestraPunterosGenericos_MAC/MuestraPunteroGenerico.h"
            ex="false"
            tool="3"
            flavor2="0">
      </item>
    </conf>
    <conf name="Release" type="3">
      <toolsSet>
        <compilerSet>default</compilerSet>
        <dependencyChecking>true</dependencyChecking>
        <rebuildPropChanged>false</rebuildPropChanged>
      </toolsSet>
      <compileType>
        <cTool>
          <developmentMode>5</developmentMode>
        </cTool>
        <ccTool>
          <developmentMode>5</developmentMode>
        </ccTool>
        <fortranCompilerTool>
          <developmentMode>5</developmentMode>
        </fortranCompilerTool>
        <asmTool>
          <developmentMode>5</developmentMode>
        </asmTool>
        <archiverTool>
        </archiverTool>
      </compileType>
      <item path="/Users/andres/Library/CloudStorage/GoogleDrive-amelgar@gmail.com/Mi unidad/GitHubRepositorio/1INF25-melgar/cap02.c - punteros_genericos/2024_1_Lab04_MuestraPunterosGenericos_MAC/AperturaDeArchivos.h"
            ex="false"
            tool="3"
            flavor2="0">
      </item>
      <item path="/Users/andres/Library/CloudStorage/GoogleDrive-amelgar@gmail.com/Mi unidad/GitHubRepositorio/1INF25-melgar/cap02.c - punteros_genericos/2024_1_Lab04_MuestraPunterosGenericos_MAC/MuestraPunteroGenerico.cpp"
            ex="false"
            tool="1"
            flavor2="0">
      </item>
      <item path="/Users/andres/Library/CloudStorage/GoogleDrive-amelgar@gmail.com/Mi unidad/GitHubRepositorio/1INF25-melgar/cap02.c - punteros_genericos/2024_1_Lab04_MuestraPunterosGenericos_MAC/MuestraPunteroGenerico.h"
            ex="false"
            tool="3"
            flavor2="0">
      </item>
    </conf>
  </confs>
</configurationDescriptor>
