<?xml version="1.0" encoding="UTF-8"?>
<configurationDescriptor version="100">
  <logicalFolder name="root" displayName="root" projectFiles="true" kind="ROOT">
    <logicalFolder name="HeaderFiles"
                   displayName="Header Files"
                   projectFiles="true">
      <itemPath>AperturaDeArchivos.h</itemPath>
      <itemPath>Comunes.hpp</itemPath>
      <itemPath>ConjuntoDePedidos.hpp</itemPath>
      <itemPath>ConjuntoDePlatos.hpp</itemPath>
      <itemPath>ConjuntoDeRepartidores.hpp</itemPath>
      <itemPath>Pedido.hpp</itemPath>
      <itemPath>Plato.hpp</itemPath>
      <itemPath>Repartidor.hpp</itemPath>
    </logicalFolder>
    <logicalFolder name="ResourceFiles"
                   displayName="Resource Files"
                   projectFiles="true">
    </logicalFolder>
    <logicalFolder name="SourceFiles"
                   displayName="Source Files"
                   projectFiles="true">
      <itemPath>ConjuntoDePedidos.cpp</itemPath>
      <itemPath>main.cpp</itemPath>
    </logicalFolder>
    <logicalFolder name="TestFiles"
                   displayName="Test Files"
                   projectFiles="false"
                   kind="TEST_LOGICAL_FOLDER">
    </logicalFolder>
    <logicalFolder name="ExternalFiles"
                   displayName="Important Files"
                   projectFiles="false"
                   kind="IMPORTANT_FILES_FOLDER">
      <itemPath>Makefile</itemPath>
    </logicalFolder>
  </logicalFolder>
  <projectmakefile>Makefile</projectmakefile>
  <confs>
    <conf name="Debug" type="1">
      <toolsSet>
        <compilerSet>default</compilerSet>
        <dependencyChecking>true</dependencyChecking>
        <rebuildPropChanged>false</rebuildPropChanged>
      </toolsSet>
      <compileType>
        <ccTool>
          <standard>8</standard>
        </ccTool>
        <linkerTool>
          <linkerAddLib>
            <pElem>.</pElem>
          </linkerAddLib>
          <linkerLibItems>
            <linkerLibFileItem>lib_apertura_archivos_windows.a</linkerLibFileItem>
            <linkerLibLibItem>_platos_repartidores</linkerLibLibItem>
          </linkerLibItems>
        </linkerTool>
      </compileType>
      <item path="AperturaDeArchivos.h" ex="false" tool="3" flavor2="0">
      </item>
      <item path="Comunes.hpp" ex="false" tool="3" flavor2="0">
      </item>
      <item path="ConjuntoDePedidos.cpp" ex="false" tool="1" flavor2="0">
      </item>
      <item path="ConjuntoDePedidos.hpp" ex="false" tool="3" flavor2="0">
      </item>
      <item path="ConjuntoDePlatos.hpp" ex="false" tool="3" flavor2="0">
      </item>
      <item path="ConjuntoDeRepartidores.hpp" ex="false" tool="3" flavor2="0">
      </item>
      <item path="Pedido.hpp" ex="false" tool="3" flavor2="0">
      </item>
      <item path="Plato.hpp" ex="false" tool="3" flavor2="0">
      </item>
      <item path="Repartidor.hpp" ex="false" tool="3" flavor2="0">
      </item>
      <item path="main.cpp" ex="false" tool="1" flavor2="0">
      </item>
    </conf>
    <conf name="Release" type="1">
      <toolsSet>
        <compilerSet>default</compilerSet>
        <dependencyChecking>true</dependencyChecking>
        <rebuildPropChanged>false</rebuildPropChanged>
      </toolsSet>
      <compileType>
        <cTool>
          <developmentMode>5</developmentMode>
        </cTool>
        <ccTool>
          <developmentMode>5</developmentMode>
          <standard>8</standard>
        </ccTool>
        <fortranCompilerTool>
          <developmentMode>5</developmentMode>
        </fortranCompilerTool>
        <asmTool>
          <developmentMode>5</developmentMode>
        </asmTool>
      </compileType>
      <item path="AperturaDeArchivos.h" ex="false" tool="3" flavor2="0">
      </item>
      <item path="Comunes.hpp" ex="false" tool="3" flavor2="0">
      </item>
      <item path="ConjuntoDePedidos.cpp" ex="false" tool="1" flavor2="0">
      </item>
      <item path="ConjuntoDePedidos.hpp" ex="false" tool="3" flavor2="0">
      </item>
      <item path="ConjuntoDePlatos.hpp" ex="false" tool="3" flavor2="0">
      </item>
      <item path="ConjuntoDeRepartidores.hpp" ex="false" tool="3" flavor2="0">
      </item>
      <item path="Pedido.hpp" ex="false" tool="3" flavor2="0">
      </item>
      <item path="Plato.hpp" ex="false" tool="3" flavor2="0">
      </item>
      <item path="Repartidor.hpp" ex="false" tool="3" flavor2="0">
      </item>
      <item path="main.cpp" ex="false" tool="1" flavor2="0">
      </item>
    </conf>
  </confs>
</configurationDescriptor>
