<?xml version="1.0" encoding="UTF-8"?>
<project-private xmlns="http://www.netbeans.org/ns/project-private/1">
    <data xmlns="http://www.netbeans.org/ns/make-project-private/1">
        <activeConfTypeElem>1</activeConfTypeElem>
        <activeConfIndexElem>0</activeConfIndexElem>
    </data>
    <editor-bookmarks xmlns="http://www.netbeans.org/ns/editor-bookmarks/2" lastBookmarkId="0"/>
    <open-files xmlns="http://www.netbeans.org/ns/projectui-open-files/2">
        <group>
            <file>file:/D:/Descargas/Programacion%202/Lab%201/Lab%201%202024-1/Lab01_2024_1_20221309_Gamboa_Ramiro/Parte1_CrearBiblioteca/Fuentes_Biblioteca_2024_1/main.cpp</file>
            <file>file:/D:/Descargas/Programacion%202/Lab%201/Lab%201%202024-1/Lab01_2024_1_20221309_Gamboa_Ramiro/Parte1_CrearBiblioteca/Fuentes_Biblioteca_2024_1/Estructuras.h</file>
            <file>file:/D:/Descargas/Programacion%202/Lab%201/Lab%201%202024-1/Lab01_2024_1_20221309_Gamboa_Ramiro/Parte1_CrearBiblioteca/Fuentes_Biblioteca_2024_1/OperadoresSobrecargados.h</file>
            <file>file:/D:/Descargas/Programacion%202/Lab%201/Lab%201%202024-1/Lab01_2024_1_20221309_Gamboa_Ramiro/Parte1_CrearBiblioteca/Fuentes_Biblioteca_2024_1/OperadoresSobrecargados.cpp</file>
        </group>
    </open-files>
</project-private>
