<?xml version="1.0" encoding="UTF-8"?>
<project-private xmlns="http://www.netbeans.org/ns/project-private/1">
    <data xmlns="http://www.netbeans.org/ns/make-project-private/1">
        <activeConfTypeElem>1</activeConfTypeElem>
        <activeConfIndexElem>0</activeConfIndexElem>
    </data>
    <editor-bookmarks xmlns="http://www.netbeans.org/ns/editor-bookmarks/2" lastBookmarkId="0"/>
    <open-files xmlns="http://www.netbeans.org/ns/projectui-open-files/2">
        <group>
            <file>file:/T:/20221309_Gamboa_Ramiro_Lab08_2024_1/LAB08_POLITAD/Nodo.cpp</file>
            <file>file:/T:/20221309_Gamboa_Ramiro_Lab08_2024_1/LAB08_POLITAD/Enciclopedia.cpp</file>
            <file>file:/T:/20221309_Gamboa_Ramiro_Lab08_2024_1/LAB08_POLITAD/Estante.h</file>
            <file>file:/T:/20221309_Gamboa_Ramiro_Lab08_2024_1/LAB08_POLITAD/Estante.cpp</file>
            <file>file:/T:/20221309_Gamboa_Ramiro_Lab08_2024_1/LAB08_POLITAD/Revista.h</file>
            <file>file:/T:/20221309_Gamboa_Ramiro_Lab08_2024_1/LAB08_POLITAD/Nodo.h</file>
            <file>file:/T:/20221309_Gamboa_Ramiro_Lab08_2024_1/LAB08_POLITAD/main.cpp</file>
            <file>file:/T:/20221309_Gamboa_Ramiro_Lab08_2024_1/LAB08_POLITAD/Lista.h</file>
            <file>file:/T:/20221309_Gamboa_Ramiro_Lab08_2024_1/LAB08_POLITAD/Novela.cpp</file>
            <file>file:/T:/20221309_Gamboa_Ramiro_Lab08_2024_1/LAB08_POLITAD/Lista.cpp</file>
            <file>file:/T:/20221309_Gamboa_Ramiro_Lab08_2024_1/LAB08_POLITAD/Biblioteca.cpp</file>
            <file>file:/T:/20221309_Gamboa_Ramiro_Lab08_2024_1/LAB08_POLITAD/Enciclopedia.h</file>
            <file>file:/T:/20221309_Gamboa_Ramiro_Lab08_2024_1/LAB08_POLITAD/Biblioteca.h</file>
            <file>file:/T:/20221309_Gamboa_Ramiro_Lab08_2024_1/LAB08_POLITAD/Libro.cpp</file>
            <file>file:/T:/20221309_Gamboa_Ramiro_Lab08_2024_1/LAB08_POLITAD/Novela.h</file>
            <file>file:/T:/20221309_Gamboa_Ramiro_Lab08_2024_1/LAB08_POLITAD/Revista.cpp</file>
            <file>file:/T:/20221309_Gamboa_Ramiro_Lab08_2024_1/LAB08_POLITAD/Libro.h</file>
        </group>
    </open-files>
</project-private>
