<?xml version="1.0" encoding="UTF-8"?>
<project-private xmlns="http://www.netbeans.org/ns/project-private/1">
    <data xmlns="http://www.netbeans.org/ns/make-project-private/1">
        <activeConfTypeElem>1</activeConfTypeElem>
        <activeConfIndexElem>0</activeConfIndexElem>
    </data>
    <editor-bookmarks xmlns="http://www.netbeans.org/ns/editor-bookmarks/2" lastBookmarkId="0"/>
    <open-files xmlns="http://www.netbeans.org/ns/projectui-open-files/2">
        <group>
            <file>file:/E:/PUCP/2024-2/PROGRAMACION%202/Labs/Lab%206/Lab06_2024_2_20210466_CHAVEZ_PEDRO/Funciones.h</file>
            <file>file:/E:/PUCP/2024-2/PROGRAMACION%202/Labs/Lab%206/Lab06_2024_2_20210466_CHAVEZ_PEDRO/Plato.h</file>
            <file>file:/E:/PUCP/2024-2/PROGRAMACION%202/Labs/Lab%206/Lab06_2024_2_20210466_CHAVEZ_PEDRO/main.cpp</file>
            <file>file:/E:/PUCP/2024-2/PROGRAMACION%202/Labs/Lab%206/Lab06_2024_2_20210466_CHAVEZ_PEDRO/Cliente.h</file>
            <file>file:/E:/PUCP/2024-2/PROGRAMACION%202/Labs/Lab%206/Lab06_2024_2_20210466_CHAVEZ_PEDRO/Pedido.cpp</file>
            <file>file:/E:/PUCP/2024-2/PROGRAMACION%202/Labs/Lab%206/Lab06_2024_2_20210466_CHAVEZ_PEDRO/Cliente.cpp</file>
            <file>file:/E:/PUCP/2024-2/PROGRAMACION%202/Labs/Lab%206/Lab06_2024_2_20210466_CHAVEZ_PEDRO/Repartidor.h</file>
            <file>file:/E:/PUCP/2024-2/PROGRAMACION%202/Labs/Lab%206/Lab06_2024_2_20210466_CHAVEZ_PEDRO/Pedido.h</file>
            <file>file:/E:/PUCP/2024-2/PROGRAMACION%202/Labs/Lab%206/Lab06_2024_2_20210466_CHAVEZ_PEDRO/Repartidor.cpp</file>
            <file>file:/E:/PUCP/2024-2/PROGRAMACION%202/Labs/Lab%206/Lab06_2024_2_20210466_CHAVEZ_PEDRO/Plato.cpp</file>
            <file>file:/E:/PUCP/2024-2/PROGRAMACION%202/Labs/Lab%206/Lab06_2024_2_20210466_CHAVEZ_PEDRO/Funciones.cpp</file>
        </group>
    </open-files>
</project-private>
