<?xml version="1.0" encoding="UTF-8"?>
<project-private xmlns="http://www.netbeans.org/ns/project-private/1">
    <data xmlns="http://www.netbeans.org/ns/make-project-private/1">
        <activeConfTypeElem>1</activeConfTypeElem>
        <activeConfIndexElem>0</activeConfIndexElem>
    </data>
    <editor-bookmarks xmlns="http://www.netbeans.org/ns/editor-bookmarks/2" lastBookmarkId="0"/>
    <open-files xmlns="http://www.netbeans.org/ns/projectui-open-files/2">
        <group>
            <file>file:/D:/Descargas/Programacion%202/Lab%208/Lab%207%202023-2/20221309_Gamboa_Ramiro_Lab07_2023_2/PREG02_LAB07/OrdenVenta.cpp</file>
            <file>file:/D:/Descargas/Programacion%202/Lab%208/Lab%207%202023-2/20221309_Gamboa_Ramiro_Lab07_2023_2/PREG02_LAB07/PrioridadMedia.h</file>
            <file>file:/D:/Descargas/Programacion%202/Lab%208/Lab%207%202023-2/20221309_Gamboa_Ramiro_Lab07_2023_2/PREG02_LAB07/PrioridadMedia.cpp</file>
            <file>file:/D:/Descargas/Programacion%202/Lab%208/Lab%207%202023-2/20221309_Gamboa_Ramiro_Lab07_2023_2/PREG02_LAB07/main.cpp</file>
            <file>file:/D:/Descargas/Programacion%202/Lab%208/Lab%207%202023-2/20221309_Gamboa_Ramiro_Lab07_2023_2/PREG02_LAB07/Pedido.h</file>
            <file>file:/D:/Descargas/Programacion%202/Lab%208/Lab%207%202023-2/20221309_Gamboa_Ramiro_Lab07_2023_2/PREG02_LAB07/PrioridadBaja.cpp</file>
            <file>file:/D:/Descargas/Programacion%202/Lab%208/Lab%207%202023-2/20221309_Gamboa_Ramiro_Lab07_2023_2/PREG02_LAB07/Almacen.cpp</file>
            <file>file:/D:/Descargas/Programacion%202/Lab%208/Lab%207%202023-2/20221309_Gamboa_Ramiro_Lab07_2023_2/PREG02_LAB07/PrioridadBaja.h</file>
            <file>file:/D:/Descargas/Programacion%202/Lab%208/Lab%207%202023-2/20221309_Gamboa_Ramiro_Lab07_2023_2/PREG02_LAB07/Pedido.cpp</file>
            <file>file:/D:/Descargas/Programacion%202/Lab%208/Lab%207%202023-2/20221309_Gamboa_Ramiro_Lab07_2023_2/PREG02_LAB07/PrioridadAlta.cpp</file>
            <file>file:/D:/Descargas/Programacion%202/Lab%208/Lab%207%202023-2/20221309_Gamboa_Ramiro_Lab07_2023_2/PREG02_LAB07/Almacen.h</file>
            <file>file:/D:/Descargas/Programacion%202/Lab%208/Lab%207%202023-2/20221309_Gamboa_Ramiro_Lab07_2023_2/PREG02_LAB07/PrioridadAlta.h</file>
            <file>file:/D:/Descargas/Programacion%202/Lab%208/Lab%207%202023-2/20221309_Gamboa_Ramiro_Lab07_2023_2/PREG02_LAB07/OrdenVenta.h</file>
        </group>
    </open-files>
</project-private>
