<?xml version="1.0" encoding="UTF-8"?>
<project-private xmlns="http://www.netbeans.org/ns/project-private/1">
    <data xmlns="http://www.netbeans.org/ns/make-project-private/1">
        <activeConfTypeElem>1</activeConfTypeElem>
        <activeConfIndexElem>0</activeConfIndexElem>
    </data>
    <editor-bookmarks xmlns="http://www.netbeans.org/ns/editor-bookmarks/2" lastBookmarkId="0"/>
    <open-files xmlns="http://www.netbeans.org/ns/projectui-open-files/2">
        <group>
            <file>file:/G:/Mi%20unidad/GitHubRepositorio/1INF25/2024-2/cap02.c%20-%20punteros_genericos/2024_1_Lab04/Clientes.cpp</file>
            <file>file:/G:/Mi%20unidad/GitHubRepositorio/1INF25/2024-2/cap02.c%20-%20punteros_genericos/2024_1_Lab04/PunterosGenericos.cpp</file>
            <file>file:/G:/Mi%20unidad/GitHubRepositorio/1INF25/2024-2/cap02.c%20-%20punteros_genericos/2024_1_Lab04/Reservas.cpp</file>
            <file>file:/G:/Mi%20unidad/GitHubRepositorio/1INF25/2024-2/cap02.c%20-%20punteros_genericos/2024_1_Lab04/Clientes.hpp</file>
            <file>file:/G:/Mi%20unidad/GitHubRepositorio/1INF25/2024-2/cap02.c%20-%20punteros_genericos/2024_1_Lab04/MuestraPunteroGenerico.h</file>
            <file>file:/G:/Mi%20unidad/GitHubRepositorio/1INF25/2024-2/cap02.c%20-%20punteros_genericos/2024_1_Lab04/main.cpp</file>
            <file>file:/G:/Mi%20unidad/GitHubRepositorio/1INF25/2024-2/cap02.c%20-%20punteros_genericos/2024_1_Lab04/Reservas.hpp</file>
            <file>file:/G:/Mi%20unidad/GitHubRepositorio/1INF25/2024-2/cap02.c%20-%20punteros_genericos/2024_1_Lab04/Comunes.cpp</file>
        </group>
    </open-files>
</project-private>
