<?xml version="1.0" encoding="UTF-8"?>
<project-private xmlns="http://www.netbeans.org/ns/project-private/1">
    <data xmlns="http://www.netbeans.org/ns/make-project-private/1">
        <activeConfTypeElem>1</activeConfTypeElem>
        <activeConfIndexElem>0</activeConfIndexElem>
    </data>
    <editor-bookmarks xmlns="http://www.netbeans.org/ns/editor-bookmarks/2" lastBookmarkId="0"/>
    <open-files xmlns="http://www.netbeans.org/ns/projectui-open-files/2">
        <group>
            <file>file:/G:/Mi%20unidad/GitHubRepositorio/1INF25/2024-2/cap02.b%20-%20punteros%20a%20punteros/2024_1_Lab03/MetodoExactoDeMemoria.cpp</file>
            <file>file:/G:/Mi%20unidad/GitHubRepositorio/1INF25/2024-2/cap02.b%20-%20punteros%20a%20punteros/2024_1_Lab03/pedidos_libros.cpp</file>
            <file>file:/G:/Mi%20unidad/GitHubRepositorio/1INF25/2024-2/cap02.b%20-%20punteros%20a%20punteros/2024_1_Lab03/pedidos_clientes.cpp</file>
            <file>file:/G:/Mi%20unidad/GitHubRepositorio/1INF25/2024-2/cap02.b%20-%20punteros%20a%20punteros/2024_1_Lab03/pedidos_atendidos.cpp</file>
            <file>file:/G:/Mi%20unidad/GitHubRepositorio/1INF25/2024-2/cap02.b%20-%20punteros%20a%20punteros/2024_1_Lab03/main.cpp</file>
        </group>
    </open-files>
</project-private>
