<?xml version="1.0" encoding="UTF-8"?>
<project-private xmlns="http://www.netbeans.org/ns/project-private/1">
    <data xmlns="http://www.netbeans.org/ns/make-project-private/1">
        <activeConfTypeElem>1</activeConfTypeElem>
        <activeConfIndexElem>0</activeConfIndexElem>
    </data>
    <editor-bookmarks xmlns="http://www.netbeans.org/ns/editor-bookmarks/2" lastBookmarkId="0"/>
    <open-files xmlns="http://www.netbeans.org/ns/projectui-open-files/2">
        <group>
            <file>file:/C:/Users/ASUS/OneDrive/Documents/Programacion_2/prog2_Melgar_24_2/LAB2_2024_2/2024_2_Lab02_Windows_Pedidos/ConjuntoDePedidos.hpp</file>
            <file>file:/C:/Users/ASUS/OneDrive/Documents/Programacion_2/prog2_Melgar_24_2/LAB2_2024_2/2024_2_Lab02_Windows_Pedidos/ConjuntoDePedidos.cpp</file>
            <file>file:/C:/Users/ASUS/OneDrive/Documents/Programacion_2/prog2_Melgar_24_2/LAB2_2024_2/2024_2_Lab02_Windows_Pedidos/Comunes.hpp</file>
            <file>file:/C:/Users/ASUS/OneDrive/Documents/Programacion_2/prog2_Melgar_24_2/LAB2_2024_2/2024_2_Lab02_Windows_Pedidos/ConjuntoDePlatos.hpp</file>
            <file>file:/C:/Users/ASUS/OneDrive/Documents/Programacion_2/prog2_Melgar_24_2/LAB2_2024_2/2024_2_Lab02_Windows_Pedidos/main.cpp</file>
        </group>
    </open-files>
</project-private>
