<?xml version="1.0" encoding="UTF-8"?>
<project-private xmlns="http://www.netbeans.org/ns/project-private/1">
    <data xmlns="http://www.netbeans.org/ns/make-project-private/1">
        <activeConfTypeElem>1</activeConfTypeElem>
        <activeConfIndexElem>0</activeConfIndexElem>
    </data>
    <editor-bookmarks xmlns="http://www.netbeans.org/ns/editor-bookmarks/2" lastBookmarkId="0"/>
    <open-files xmlns="http://www.netbeans.org/ns/projectui-open-files/2">
        <group>
            <file>file:/D:/Descargas/Programacion%202/Examen%20Final/EX2%202023-1/Proyecto_EX2_2023_1/Pregunta01_Parte02_Actualiza_Notas/Alumno.cpp</file>
            <file>file:/D:/Descargas/Programacion%202/Examen%20Final/EX2%202023-1/Proyecto_EX2_2023_1/Pregunta01_Parte02_Actualiza_Notas/Alumno.h</file>
            <file>file:/D:/Descargas/Programacion%202/Examen%20Final/EX2%202023-1/Proyecto_EX2_2023_1/Pregunta01_Parte02_Actualiza_Notas/AlumnoNotas.cpp</file>
            <file>file:/D:/Descargas/Programacion%202/Examen%20Final/EX2%202023-1/Proyecto_EX2_2023_1/Pregunta01_Parte02_Actualiza_Notas/Facultad.cpp</file>
            <file>file:/D:/Descargas/Programacion%202/Examen%20Final/EX2%202023-1/Proyecto_EX2_2023_1/Pregunta01_Parte02_Actualiza_Notas/Nodo.cpp</file>
            <file>file:/D:/Descargas/Programacion%202/Examen%20Final/EX2%202023-1/Proyecto_EX2_2023_1/Pregunta01_Parte02_Actualiza_Notas/AlumnoNotas.h</file>
            <file>file:/D:/Descargas/Programacion%202/Examen%20Final/EX2%202023-1/Proyecto_EX2_2023_1/Pregunta01_Parte02_Actualiza_Notas/ListaDoble.h</file>
            <file>file:/D:/Descargas/Programacion%202/Examen%20Final/EX2%202023-1/Proyecto_EX2_2023_1/Pregunta01_Parte02_Actualiza_Notas/ListaDoble.cpp</file>
            <file>file:/D:/Descargas/Programacion%202/Examen%20Final/EX2%202023-1/Proyecto_EX2_2023_1/Pregunta01_Parte02_Actualiza_Notas/Nota.cpp</file>
        </group>
    </open-files>
</project-private>
