<?xml version="1.0" encoding="UTF-8"?>
<configurationDescriptor version="100">
  <logicalFolder name="root" displayName="root" projectFiles="true" kind="ROOT">
    <logicalFolder name="HeaderFiles"
                   displayName="Header Files"
                   projectFiles="true">
      <itemPath>AperturaDeArchivos.h</itemPath>
      <itemPath>Clientes.hpp</itemPath>
      <itemPath>Comunes.hpp</itemPath>
      <itemPath>MuestraPunteroGenerico.h</itemPath>
      <itemPath>PunterosGenericos.h</itemPath>
      <itemPath>Reservas.hpp</itemPath>
    </logicalFolder>
    <logicalFolder name="ResourceFiles"
                   displayName="Resource Files"
                   projectFiles="true">
    </logicalFolder>
    <logicalFolder name="SourceFiles"
                   displayName="Source Files"
                   projectFiles="true">
      <itemPath>Clientes.cpp</itemPath>
      <itemPath>Comunes.cpp</itemPath>
      <itemPath>PunterosGenericos.cpp</itemPath>
      <itemPath>Reservas.cpp</itemPath>
      <itemPath>main.cpp</itemPath>
    </logicalFolder>
    <logicalFolder name="TestFiles"
                   displayName="Test Files"
                   projectFiles="false"
                   kind="TEST_LOGICAL_FOLDER">
    </logicalFolder>
    <logicalFolder name="ExternalFiles"
                   displayName="Important Files"
                   projectFiles="false"
                   kind="IMPORTANT_FILES_FOLDER">
      <itemPath>Makefile</itemPath>
    </logicalFolder>
  </logicalFolder>
  <projectmakefile>Makefile</projectmakefile>
  <confs>
    <conf name="Debug" type="1">
      <toolsSet>
        <compilerSet>default</compilerSet>
        <dependencyChecking>true</dependencyChecking>
        <rebuildPropChanged>false</rebuildPropChanged>
      </toolsSet>
      <compileType>
        <ccTool>
          <standard>8</standard>
        </ccTool>
        <linkerTool>
          <linkerAddLib>
            <pElem>.</pElem>
          </linkerAddLib>
          <linkerLibItems>
            <linkerLibFileItem>lib_apertura_archivos_windows.a</linkerLibFileItem>
            <linkerLibFileItem>libmuestrapunterosgenericos.a</linkerLibFileItem>
          </linkerLibItems>
        </linkerTool>
      </compileType>
      <item path="AperturaDeArchivos.h" ex="false" tool="3" flavor2="0">
      </item>
      <item path="Clientes.cpp" ex="false" tool="1" flavor2="0">
      </item>
      <item path="Clientes.hpp" ex="false" tool="3" flavor2="0">
      </item>
      <item path="Comunes.cpp" ex="false" tool="1" flavor2="0">
      </item>
      <item path="Comunes.hpp" ex="false" tool="3" flavor2="0">
      </item>
      <item path="MuestraPunteroGenerico.h" ex="false" tool="3" flavor2="0">
      </item>
      <item path="PunterosGenericos.cpp" ex="false" tool="1" flavor2="0">
      </item>
      <item path="PunterosGenericos.h" ex="false" tool="3" flavor2="0">
      </item>
      <item path="Reservas.cpp" ex="false" tool="1" flavor2="0">
      </item>
      <item path="Reservas.hpp" ex="false" tool="3" flavor2="0">
      </item>
      <item path="main.cpp" ex="false" tool="1" flavor2="0">
      </item>
    </conf>
    <conf name="Release" type="1">
      <toolsSet>
        <compilerSet>default</compilerSet>
        <dependencyChecking>true</dependencyChecking>
        <rebuildPropChanged>false</rebuildPropChanged>
      </toolsSet>
      <compileType>
        <cTool>
          <developmentMode>5</developmentMode>
        </cTool>
        <ccTool>
          <developmentMode>5</developmentMode>
          <standard>8</standard>
        </ccTool>
        <fortranCompilerTool>
          <developmentMode>5</developmentMode>
        </fortranCompilerTool>
        <asmTool>
          <developmentMode>5</developmentMode>
        </asmTool>
      </compileType>
      <item path="AperturaDeArchivos.h" ex="false" tool="3" flavor2="0">
      </item>
      <item path="Clientes.cpp" ex="false" tool="1" flavor2="0">
      </item>
      <item path="Clientes.hpp" ex="false" tool="3" flavor2="0">
      </item>
      <item path="Comunes.cpp" ex="false" tool="1" flavor2="0">
      </item>
      <item path="Comunes.hpp" ex="false" tool="3" flavor2="0">
      </item>
      <item path="MuestraPunteroGenerico.h" ex="false" tool="3" flavor2="0">
      </item>
      <item path="PunterosGenericos.cpp" ex="false" tool="1" flavor2="0">
      </item>
      <item path="PunterosGenericos.h" ex="false" tool="3" flavor2="0">
      </item>
      <item path="Reservas.cpp" ex="false" tool="1" flavor2="0">
      </item>
      <item path="Reservas.hpp" ex="false" tool="3" flavor2="0">
      </item>
      <item path="main.cpp" ex="false" tool="1" flavor2="0">
      </item>
    </conf>
  </confs>
</configurationDescriptor>
