<?xml version="1.0" encoding="UTF-8"?>
<project-private xmlns="http://www.netbeans.org/ns/project-private/1">
    <data xmlns="http://www.netbeans.org/ns/make-project-private/1">
        <activeConfTypeElem>1</activeConfTypeElem>
        <activeConfIndexElem>0</activeConfIndexElem>
    </data>
    <editor-bookmarks xmlns="http://www.netbeans.org/ns/editor-bookmarks/2" lastBookmarkId="0"/>
    <open-files xmlns="http://www.netbeans.org/ns/projectui-open-files/2">
        <group>
            <file>file:/D:/Descargas/Programacion%202/Examen%20Final/EX2%202023-2/20214115_Caceres_Fabricio_EX_FINAL_2023_2/ExamenFinal_PREG03/Vehiculo.cpp</file>
            <file>file:/D:/Descargas/Programacion%202/Examen%20Final/EX2%202023-2/20214115_Caceres_Fabricio_EX_FINAL_2023_2/ExamenFinal_PREG03/Camion.cpp</file>
            <file>file:/D:/Descargas/Programacion%202/Examen%20Final/EX2%202023-2/20214115_Caceres_Fabricio_EX_FINAL_2023_2/ExamenFinal_PREG03/Pedido.cpp</file>
            <file>file:/D:/Descargas/Programacion%202/Examen%20Final/EX2%202023-2/20214115_Caceres_Fabricio_EX_FINAL_2023_2/ExamenFinal_PREG03/Flota.cpp</file>
            <file>file:/D:/Descargas/Programacion%202/Examen%20Final/EX2%202023-2/20214115_Caceres_Fabricio_EX_FINAL_2023_2/ExamenFinal_PREG03/Arbol.h</file>
            <file>file:/D:/Descargas/Programacion%202/Examen%20Final/EX2%202023-2/20214115_Caceres_Fabricio_EX_FINAL_2023_2/ExamenFinal_PREG03/Furgon.cpp</file>
            <file>file:/D:/Descargas/Programacion%202/Examen%20Final/EX2%202023-2/20214115_Caceres_Fabricio_EX_FINAL_2023_2/ExamenFinal_PREG03/Nodo.h</file>
            <file>file:/D:/Descargas/Programacion%202/Examen%20Final/EX2%202023-2/20214115_Caceres_Fabricio_EX_FINAL_2023_2/ExamenFinal_PREG03/Arbol.cpp</file>
            <file>file:/D:/Descargas/Programacion%202/Examen%20Final/EX2%202023-2/20214115_Caceres_Fabricio_EX_FINAL_2023_2/ExamenFinal_PREG03/Nodo.cpp</file>
            <file>file:/D:/Descargas/Programacion%202/Examen%20Final/EX2%202023-2/20214115_Caceres_Fabricio_EX_FINAL_2023_2/ExamenFinal_PREG03/Programacion.cpp</file>
            <file>file:/D:/Descargas/Programacion%202/Examen%20Final/EX2%202023-2/20214115_Caceres_Fabricio_EX_FINAL_2023_2/ExamenFinal_PREG03/Flota.h</file>
        </group>
    </open-files>
</project-private>
