<?xml version="1.0" encoding="UTF-8"?>
<configurationDescriptor version="100">
  <logicalFolder name="root" displayName="root" projectFiles="true" kind="ROOT">
    <logicalFolder name="HeaderFiles"
                   displayName="Header Files"
                   projectFiles="true">
      <itemPath>Categoria1.h</itemPath>
      <itemPath>Categoria2.h</itemPath>
      <itemPath>Categoria3.h</itemPath>
      <itemPath>Lista.h</itemPath>
      <itemPath>NProductos.h</itemPath>
      <itemPath>Nodo.h</itemPath>
      <itemPath>Pedido.h</itemPath>
      <itemPath>Producto.h</itemPath>
      <itemPath>Programa.h</itemPath>
    </logicalFolder>
    <logicalFolder name="ResourceFiles"
                   displayName="Resource Files"
                   projectFiles="true">
    </logicalFolder>
    <logicalFolder name="SourceFiles"
                   displayName="Source Files"
                   projectFiles="true">
      <itemPath>Categoria1.cpp</itemPath>
      <itemPath>Categoria2.cpp</itemPath>
      <itemPath>Categoria3.cpp</itemPath>
      <itemPath>Lista.cpp</itemPath>
      <itemPath>NProductos.cpp</itemPath>
      <itemPath>Nodo.cpp</itemPath>
      <itemPath>Pedido.cpp</itemPath>
      <itemPath>Producto.cpp</itemPath>
      <itemPath>Programa.cpp</itemPath>
      <itemPath>main.cpp</itemPath>
    </logicalFolder>
    <logicalFolder name="TestFiles"
                   displayName="Test Files"
                   projectFiles="false"
                   kind="TEST_LOGICAL_FOLDER">
    </logicalFolder>
    <logicalFolder name="ExternalFiles"
                   displayName="Important Files"
                   projectFiles="false"
                   kind="IMPORTANT_FILES_FOLDER">
      <itemPath>Makefile</itemPath>
    </logicalFolder>
  </logicalFolder>
  <projectmakefile>Makefile</projectmakefile>
  <confs>
    <conf name="Debug" type="1">
      <toolsSet>
        <compilerSet>default</compilerSet>
        <dependencyChecking>true</dependencyChecking>
        <rebuildPropChanged>false</rebuildPropChanged>
      </toolsSet>
      <compileType>
        <ccTool>
          <standard>8</standard>
        </ccTool>
      </compileType>
      <item path="Categoria1.cpp" ex="false" tool="1" flavor2="0">
      </item>
      <item path="Categoria1.h" ex="false" tool="3" flavor2="0">
      </item>
      <item path="Categoria2.cpp" ex="false" tool="1" flavor2="0">
      </item>
      <item path="Categoria2.h" ex="false" tool="3" flavor2="0">
      </item>
      <item path="Categoria3.cpp" ex="false" tool="1" flavor2="0">
      </item>
      <item path="Categoria3.h" ex="false" tool="3" flavor2="0">
      </item>
      <item path="Lista.cpp" ex="false" tool="1" flavor2="0">
      </item>
      <item path="Lista.h" ex="false" tool="3" flavor2="0">
      </item>
      <item path="NProductos.cpp" ex="false" tool="1" flavor2="0">
      </item>
      <item path="NProductos.h" ex="false" tool="3" flavor2="0">
      </item>
      <item path="Nodo.cpp" ex="false" tool="1" flavor2="0">
      </item>
      <item path="Nodo.h" ex="false" tool="3" flavor2="0">
      </item>
      <item path="Pedido.cpp" ex="false" tool="1" flavor2="0">
      </item>
      <item path="Pedido.h" ex="false" tool="3" flavor2="0">
      </item>
      <item path="Producto.cpp" ex="false" tool="1" flavor2="0">
      </item>
      <item path="Producto.h" ex="false" tool="3" flavor2="0">
      </item>
      <item path="Programa.cpp" ex="false" tool="1" flavor2="0">
      </item>
      <item path="Programa.h" ex="false" tool="3" flavor2="0">
      </item>
      <item path="main.cpp" ex="false" tool="1" flavor2="0">
      </item>
    </conf>
    <conf name="Release" type="1">
      <toolsSet>
        <compilerSet>default</compilerSet>
        <dependencyChecking>true</dependencyChecking>
        <rebuildPropChanged>false</rebuildPropChanged>
      </toolsSet>
      <compileType>
        <cTool>
          <developmentMode>5</developmentMode>
        </cTool>
        <ccTool>
          <developmentMode>5</developmentMode>
          <standard>11</standard>
        </ccTool>
        <fortranCompilerTool>
          <developmentMode>5</developmentMode>
        </fortranCompilerTool>
        <asmTool>
          <developmentMode>5</developmentMode>
        </asmTool>
      </compileType>
      <item path="Categoria1.cpp" ex="false" tool="1" flavor2="0">
      </item>
      <item path="Categoria1.h" ex="false" tool="3" flavor2="0">
      </item>
      <item path="Categoria2.cpp" ex="false" tool="1" flavor2="0">
      </item>
      <item path="Categoria2.h" ex="false" tool="3" flavor2="0">
      </item>
      <item path="Categoria3.cpp" ex="false" tool="1" flavor2="0">
      </item>
      <item path="Categoria3.h" ex="false" tool="3" flavor2="0">
      </item>
      <item path="Lista.cpp" ex="false" tool="1" flavor2="0">
      </item>
      <item path="Lista.h" ex="false" tool="3" flavor2="0">
      </item>
      <item path="NProductos.cpp" ex="false" tool="1" flavor2="0">
      </item>
      <item path="NProductos.h" ex="false" tool="3" flavor2="0">
      </item>
      <item path="Nodo.cpp" ex="false" tool="1" flavor2="0">
      </item>
      <item path="Nodo.h" ex="false" tool="3" flavor2="0">
      </item>
      <item path="Pedido.cpp" ex="false" tool="1" flavor2="0">
      </item>
      <item path="Pedido.h" ex="false" tool="3" flavor2="0">
      </item>
      <item path="Producto.cpp" ex="false" tool="1" flavor2="0">
      </item>
      <item path="Producto.h" ex="false" tool="3" flavor2="0">
      </item>
      <item path="Programa.cpp" ex="false" tool="1" flavor2="0">
      </item>
      <item path="Programa.h" ex="false" tool="3" flavor2="0">
      </item>
      <item path="main.cpp" ex="false" tool="1" flavor2="0">
      </item>
    </conf>
  </confs>
</configurationDescriptor>
