<?xml version="1.0" encoding="UTF-8"?>
<project-private xmlns="http://www.netbeans.org/ns/project-private/1">
    <data xmlns="http://www.netbeans.org/ns/make-project-private/1">
        <activeConfTypeElem>1</activeConfTypeElem>
        <activeConfIndexElem>0</activeConfIndexElem>
    </data>
    <editor-bookmarks xmlns="http://www.netbeans.org/ns/editor-bookmarks/2" lastBookmarkId="0"/>
    <open-files xmlns="http://www.netbeans.org/ns/projectui-open-files/2">
        <group>
            <file>file:/D:/PUCP/2024-2/PROGRAMACION%202/Labs/Lab%209/Lab09_2024_2_20210466_CHAVEZ_PEDRO/main.cpp</file>
            <file>file:/D:/PUCP/2024-2/PROGRAMACION%202/Labs/Lab%209/Lab09_2024_2_20210466_CHAVEZ_PEDRO/Entrada.h</file>
            <file>file:/D:/PUCP/2024-2/PROGRAMACION%202/Labs/Lab%209/Lab09_2024_2_20210466_CHAVEZ_PEDRO/PlatoFondo.cpp</file>
            <file>file:/D:/PUCP/2024-2/PROGRAMACION%202/Labs/Lab%209/Lab09_2024_2_20210466_CHAVEZ_PEDRO/PlatoFondo.h</file>
            <file>file:/D:/PUCP/2024-2/PROGRAMACION%202/Labs/Lab%209/Lab09_2024_2_20210466_CHAVEZ_PEDRO/Comanda.cpp</file>
            <file>file:/D:/PUCP/2024-2/PROGRAMACION%202/Labs/Lab%209/Lab09_2024_2_20210466_CHAVEZ_PEDRO/Dato.h</file>
            <file>file:/D:/PUCP/2024-2/PROGRAMACION%202/Labs/Lab%209/Lab09_2024_2_20210466_CHAVEZ_PEDRO/Dato.cpp</file>
            <file>file:/D:/PUCP/2024-2/PROGRAMACION%202/Labs/Lab%209/Lab09_2024_2_20210466_CHAVEZ_PEDRO/Producto.cpp</file>
            <file>file:/D:/PUCP/2024-2/PROGRAMACION%202/Labs/Lab%209/Lab09_2024_2_20210466_CHAVEZ_PEDRO/Bebida.h</file>
            <file>file:/D:/PUCP/2024-2/PROGRAMACION%202/Labs/Lab%209/Lab09_2024_2_20210466_CHAVEZ_PEDRO/Producto.h</file>
            <file>file:/D:/PUCP/2024-2/PROGRAMACION%202/Labs/Lab%209/Lab09_2024_2_20210466_CHAVEZ_PEDRO/Restaurante.h</file>
            <file>file:/D:/PUCP/2024-2/PROGRAMACION%202/Labs/Lab%209/Lab09_2024_2_20210466_CHAVEZ_PEDRO/Bebida.cpp</file>
            <file>file:/D:/PUCP/2024-2/PROGRAMACION%202/Labs/Lab%209/Lab09_2024_2_20210466_CHAVEZ_PEDRO/Restaurante.cpp</file>
            <file>file:/D:/PUCP/2024-2/PROGRAMACION%202/Labs/Lab%209/Lab09_2024_2_20210466_CHAVEZ_PEDRO/Entrada.cpp</file>
            <file>file:/D:/PUCP/2024-2/PROGRAMACION%202/Labs/Lab%209/Lab09_2024_2_20210466_CHAVEZ_PEDRO/Comanda.h</file>
        </group>
    </open-files>
</project-private>
