<?xml version="1.0" encoding="UTF-8"?>
<configurationDescriptor version="100">
  <logicalFolder name="root" displayName="root" projectFiles="true" kind="ROOT">
    <logicalFolder name="HeaderFiles"
                   displayName="Header Files"
                   projectFiles="true">
      <itemPath>AperturaDeArchivos.h</itemPath>
      <itemPath>MetodoExactoDeMemoria.hpp</itemPath>
      <itemPath>libro.hpp</itemPath>
      <itemPath>pedidos_atendidos.hpp</itemPath>
      <itemPath>pedidos_clientes.hpp</itemPath>
      <itemPath>pedidos_libros.hpp</itemPath>
      <itemPath>stock.hpp</itemPath>
    </logicalFolder>
    <logicalFolder name="ResourceFiles"
                   displayName="Resource Files"
                   projectFiles="true">
    </logicalFolder>
    <logicalFolder name="SourceFiles"
                   displayName="Source Files"
                   projectFiles="true">
      <itemPath>MetodoExactoDeMemoria.cpp</itemPath>
      <itemPath>libro.cpp</itemPath>
      <itemPath>main.cpp</itemPath>
      <itemPath>pedidos_atendidos.cpp</itemPath>
      <itemPath>pedidos_clientes.cpp</itemPath>
      <itemPath>pedidos_libros.cpp</itemPath>
      <itemPath>stock.cpp</itemPath>
    </logicalFolder>
    <logicalFolder name="TestFiles"
                   displayName="Test Files"
                   projectFiles="false"
                   kind="TEST_LOGICAL_FOLDER">
    </logicalFolder>
    <logicalFolder name="ExternalFiles"
                   displayName="Important Files"
                   projectFiles="false"
                   kind="IMPORTANT_FILES_FOLDER">
      <itemPath>Makefile</itemPath>
    </logicalFolder>
  </logicalFolder>
  <projectmakefile>Makefile</projectmakefile>
  <confs>
    <conf name="Debug" type="1">
      <toolsSet>
        <compilerSet>default</compilerSet>
        <dependencyChecking>true</dependencyChecking>
        <rebuildPropChanged>false</rebuildPropChanged>
      </toolsSet>
      <compileType>
        <ccTool>
          <standard>8</standard>
        </ccTool>
        <linkerTool>
          <linkerAddLib>
            <pElem>.</pElem>
          </linkerAddLib>
          <linkerLibItems>
            <linkerLibFileItem>lib_apertura_archivos_windows.a</linkerLibFileItem>
          </linkerLibItems>
        </linkerTool>
      </compileType>
      <item path="AperturaDeArchivos.h" ex="false" tool="3" flavor2="0">
      </item>
      <item path="MetodoExactoDeMemoria.cpp" ex="false" tool="1" flavor2="0">
      </item>
      <item path="MetodoExactoDeMemoria.hpp" ex="false" tool="3" flavor2="0">
      </item>
      <item path="libro.cpp" ex="false" tool="1" flavor2="0">
      </item>
      <item path="libro.hpp" ex="false" tool="3" flavor2="0">
      </item>
      <item path="main.cpp" ex="false" tool="1" flavor2="0">
      </item>
      <item path="pedidos_atendidos.cpp" ex="false" tool="1" flavor2="0">
      </item>
      <item path="pedidos_atendidos.hpp" ex="false" tool="3" flavor2="0">
      </item>
      <item path="pedidos_clientes.cpp" ex="false" tool="1" flavor2="0">
      </item>
      <item path="pedidos_clientes.hpp" ex="false" tool="3" flavor2="0">
      </item>
      <item path="pedidos_libros.cpp" ex="false" tool="1" flavor2="0">
      </item>
      <item path="pedidos_libros.hpp" ex="false" tool="3" flavor2="0">
      </item>
      <item path="stock.cpp" ex="false" tool="1" flavor2="0">
      </item>
      <item path="stock.hpp" ex="false" tool="3" flavor2="0">
      </item>
    </conf>
    <conf name="Release" type="1">
      <toolsSet>
        <compilerSet>default</compilerSet>
        <dependencyChecking>true</dependencyChecking>
        <rebuildPropChanged>false</rebuildPropChanged>
      </toolsSet>
      <compileType>
        <cTool>
          <developmentMode>5</developmentMode>
        </cTool>
        <ccTool>
          <developmentMode>5</developmentMode>
          <standard>8</standard>
        </ccTool>
        <fortranCompilerTool>
          <developmentMode>5</developmentMode>
        </fortranCompilerTool>
        <asmTool>
          <developmentMode>5</developmentMode>
        </asmTool>
      </compileType>
      <item path="AperturaDeArchivos.h" ex="false" tool="3" flavor2="0">
      </item>
      <item path="MetodoExactoDeMemoria.cpp" ex="false" tool="1" flavor2="0">
      </item>
      <item path="MetodoExactoDeMemoria.hpp" ex="false" tool="3" flavor2="0">
      </item>
      <item path="libro.cpp" ex="false" tool="1" flavor2="0">
      </item>
      <item path="libro.hpp" ex="false" tool="3" flavor2="0">
      </item>
      <item path="main.cpp" ex="false" tool="1" flavor2="0">
      </item>
      <item path="pedidos_atendidos.cpp" ex="false" tool="1" flavor2="0">
      </item>
      <item path="pedidos_atendidos.hpp" ex="false" tool="3" flavor2="0">
      </item>
      <item path="pedidos_clientes.cpp" ex="false" tool="1" flavor2="0">
      </item>
      <item path="pedidos_clientes.hpp" ex="false" tool="3" flavor2="0">
      </item>
      <item path="pedidos_libros.cpp" ex="false" tool="1" flavor2="0">
      </item>
      <item path="pedidos_libros.hpp" ex="false" tool="3" flavor2="0">
      </item>
      <item path="stock.cpp" ex="false" tool="1" flavor2="0">
      </item>
      <item path="stock.hpp" ex="false" tool="3" flavor2="0">
      </item>
    </conf>
  </confs>
</configurationDescriptor>
